loc_data,UnfilteredDataInCompiledFile,FilteredDataInCompiledFile,ptt_deploy_id,band_no,animal_id,tag_id,species,year,deploy_site,site_abbrev,grouping_var_1,lat_deploc,dir1,lon_deploc,dir2,incl_deploy_loc,incl_recovery_loc,lat_colony,lon_colony,lat_end,lon_end,tag_sensors,datetime_deploy_UTC,datetime_recover_UTC,datetime_start_track_UTC,datetime_end_track_UTC,file_name,observer,Mass_kg,Length_cm,Girth_cm,tranmission duration,collab_point_contact_name,collab_point_contact_email,ptt_tagid,age,feather sample,blood sample,sex
1,0,0,1,1106-01245,110331,110331,COMU,2012,Columbia River Plume,CRP,,46.261,N,-124.13,W,1,0,,,,,,5/5/2012 7:14,,,6/11/2012 17:57,110331,JA,,,,,,,,,,,
1,0,0,2,1106-01243,110332,110332,COMU,2012,Columbia River Plume,CRP,,46.315,N,-124.112,W,1,0,,,,,,5/5/2012 6:22,,,5/24/2012 3:34,110332,JA,,,,,,,,,,,
1,0,0,3,1106-01255,110333,110333,COMU,2012,Columbia River Plume,CRP,,46.272,N,-124.16,W,1,0,,,,,,5/6/2012 7:45,,,7/16/2012 15:19,110333,JA,,,,,,,,,,,
1,0,0,4,1106-01246,110334,110334,COMU,2012,Columbia River Plume,CRP,,46.242,N,-124.096,W,1,0,,,,,,5/5/2012 7:30,,,6/3/2012 18:41,110334,JA,,,,,,,,,,,
1,0,0,5,1106-01247,110335,110335,COMU,2012,Columbia River Plume,CRP,,46.338,N,-124.128,W,1,0,,,,,,5/6/2012 5:17,,,7/10/2012 18:54,110335,JA,,,,,,,,,,,
1,0,0,6,1106-01248,110336,110336,COMU,2012,Columbia River Plume,CRP,,46.338,N,-124.128,W,1,0,,,,,,5/6/2012 5:34,,,7/18/2012 16:11,110336,JA,,,,,,,,,,,
1,0,0,7,1106-01249,110337,110337,COMU,2012,Columbia River Plume,CRP,,46.327,N,-124.141,W,1,0,,,,,,5/6/2012 5:51,,,7/10/2012 17:13,110337,JA,,,,,,,,,,,
1,0,0,8,1106-01250,110338,110338,COMU,2012,Columbia River Plume,CRP,,46.315,N,-124.134,W,1,0,,,,,,5/6/2012 6:37,,,7/13/2012 18:12,110338,JA,,,,,,,,,,,
1,0,0,9,1106-01257,110339,110339,COMU,2012,Columbia River Plume,CRP,,46.223,N,-124.173,W,1,0,,,,,,5/6/2012 8:20,,,7/5/2012 5:55,110339,JA,,,,,,,,,,,
1,0,0,10,1106-01253,110340,110340,COMU,2012,Columbia River Plume,CRP,,46.305,N,-124.148,W,1,0,,,,,,5/6/2012 7:13,,,5/15/2012 5:28,110340,JA,,,,,,,,,,,
1,0,0,11,1106-01256,110341,110341,COMU,2012,Columbia River Plume,CRP,,46.245,N,-124.172,W,1,0,,,,,,5/6/2012 8:03,,,5/19/2012 2:12,110341,JA,,,,,,,,,,,
1,0,0,12,1106-01252,110342,110342,COMU,2012,Columbia River Plume,CRP,,46.313,N,-124.141,W,1,0,,,,,,5/6/2012 6:52,,,5/24/2012 3:14,110342,JA,,,,,,,,,,,
1,0,0,13,1106-01254,110343,110343,COMU,2012,Columbia River Plume,CRP,,46.296,N,-124.157,W,1,0,,,,,,5/6/2012 7:30,,,7/26/2012 5:04,110343,JA,,,,,,,,,,,
1,0,0,14,1106-01244,110344,110344,COMU,2012,Columbia River Plume,CRP,,46.261,N,-124.122,W,1,0,,,,,,5/5/2012 6:52,,,5/10/2012 5:26,110344,JA,,,,,,,,,,,
1,0,0,15,1106-01251,110345,110345,COMU,2012,Columbia River Plume,CRP,,46.327,N,-124.141,W,1,0,,,,,,5/6/2012 6:17,,,7/12/2012 4:37,110345,JA,,,,,,,,,,,
1,0,0,16,1106-01271,129159,129159,COMU,2013,Columbia River Plume,CRP,,46.283,N,-124.109,W,1,0,,,,,,6/17/2013 7:52,,,7/7/2013 3:57,129159,JA,,,,,,,,,,,
1,0,0,17,1106-01260,129160,129160,COMU,2013,Columbia River Plume,CRP,,46.332,N,-124.113,W,1,0,,,,,,6/11/2013 9:28,,,8/7/2013 4:47,129160,JA,,,,,,,,,,,
1,0,0,18,1106-01264,129161,129161,COMU,2013,Columbia River Plume,CRP,,46.307,N,-124.108,W,1,0,,,,,,6/12/2013 6:46,,,8/2/2013 15:13,129161,JA,,,,,,,,,,,
1,0,0,19,1106-01242,129162,129162,COMU,2013,Columbia River Plume,CRP,,46.354,N,-124.113,W,1,0,,,,,,6/10/2013 18:56,,,8/3/2013 5:27,129162,JA,,,,,,,,,,,
1,0,0,20,1106-01272,129163,129163,COMU,2013,Columbia River Plume,CRP,,46.281,N,-124.12,W,1,0,,,,,,6/17/2013 8:11,,,8/3/2013 2:15,129163,JA,,,,,,,,,,,
1,0,0,21,1106-01258,129164,129164,COMU,2013,Columbia River Plume,CRP,,46.35,N,-124.123,W,1,0,,,,,,6/11/2013 7:55,,,7/29/2013 15:12,129164,JA,,,,,,,,,,,
1,0,0,22,1106-01270,129165,129165,COMU,2013,Columbia River Plume,CRP,,46.28,N,-124.117,W,1,0,,,,,,6/17/2013 7:34,,,8/7/2013 3:29,129165,JA,,,,,,,,,,,
1,0,0,23,1106-01262,129166,129166,COMU,2013,Columbia River Plume,CRP,,46.295,N,-124.117,W,1,0,,,,,,6/12/2013 6:08,,,7/28/2013 2:03,129166,JA,,,,,,,,,,,
1,0,0,24,1106-01261,129167,129167,COMU,2013,Columbia River Plume,CRP,,46.291,N,-124.125,W,1,0,,,,,,6/12/2013 5:48,,,7/5/2013 18:22,129167,JA,,,,,,,,,,,
1,0,0,25,1106-01268,129168,129168,COMU,2013,Columbia River Plume,CRP,,46.28,N,-124.122,W,1,0,,,,,,6/17/2013 6:57,,,8/26/2013 2:13,129168,JA,,,,,,,,,,,
1,0,0,26,1106-01265,129169,129169,COMU,2013,Columbia River Plume,CRP,,46.308,N,-124.097,W,1,0,,,,,,6/12/2013 7:12,,,7/21/2013 18:48,129169,JA,,,,,,,,,,,
1,0,0,27,1106-01269,129170,129170,COMU,2013,Columbia River Plume,CRP,,46.281,N,-124.112,W,1,0,,,,,,6/17/2013 7:17,,,7/11/2013 5:47,129170,JA,,,,,,,,,,,
1,0,0,28,1106-01267,129171,129171,COMU,2013,Columbia River Plume,CRP,,46.284,N,-124.113,W,1,0,,,,,,6/17/2013 6:39,,,7/17/2013 3:35,129171,JA,,,,,,,,,,,
1,0,0,29,1106-01266,129172,129172,COMU,2013,Columbia River Plume,CRP,,46.286,N,-124.119,W,1,0,,,,,,6/17/2013 5:38,,,7/24/2013 18:32,129172,JA,,,,,,,,,,,
1,0,0,30,1106-01263,129173,129173,COMU,2013,Columbia River Plume,CRP,,46.304,N,-124.119,W,1,0,,,,,,6/12/2013 6:28,,,7/19/2013 2:00,129173,JA,,,,,,,,,,,
1,0,1,31,C265,C265_45850,45850,ZACA,2003,East Mooring Basin,EMB,R,46.196,N,-123.801,W,1,0,,,,,,1/14/2004,,,,,LT,167,225,194,55,,,,,,,
1,0,1,32,C327,C327_45851,45851,ZACA,2003,East Mooring Basin,EMB,R,46.196,N,-123.801,W,1,0,,,,,,2/9/2004,,,,,LT,NA,NA,NA,71,,,,,,,
1,0,1,33,C526,C526_45850,45850,ZACA,2004,East Mooring Basin,EMB,U,46.196,N,-123.801,W,1,0,,,,,,3/10/2005,,,,,LT,315,247,194,80,,,,,,,
1,0,1,34,C376,C376_45851,45851,ZACA,2004,East Mooring Basin,EMB,U,46.196,N,-123.801,W,1,0,,,,,,3/10/2005,,,,,LT,302,NA,NA,174,,,,,,,
1,0,1,35,C319,C319_45852,45852,ZACA,2006,East Mooring Basin,EMB,R,46.196,N,-123.801,W,1,0,,,,,,11/14/2006,,,,,LT,369,255,210,50,,,,,,,
1,0,1,36,C376,C376_45852,45852,ZACA,2004,East Mooring Basin,EMB,U,46.196,N,-123.801,W,1,0,,,,,,12/23/2004,,,,,LT,380,254,202,66,,,,,,,
1,0,1,37,C474,C474_45853,45853,ZACA,2004,East Mooring Basin,EMB,U,46.196,N,-123.801,W,1,0,,,,,,2/2/2005,,,,,LT,315,232,204,113,,,,,,,
1,0,1,38,C332,C332_55576,55576,ZACA,2004,East Mooring Basin,EMB,U,46.196,N,-123.801,W,1,0,,,,,,5/7/2005,,,,,LT,285,219,180,84,,,,,,,
1,0,1,39,C529,C529_55577,55577,ZACA,2004,East Mooring Basin,EMB,U,46.196,N,-123.801,W,1,0,,,,,,5/7/2005,,,,,LT,342,240,210,24,,,,,,,
1,0,1,40,C257,C257_62173,62173,ZACA,2006,East Mooring Basin,EMB,R,46.196,N,-123.801,W,1,0,,,,,,11/14/2006,,,,,LT,240,225,175,39,,,,,,,
1,0,1,41,C390,C390_62174,62174,ZACA,2006,East Mooring Basin,EMB,R,46.196,N,-123.801,W,1,0,,,,,,11/20/2006,,,,,LT,326,265,196,111,,,,,,,
1,0,1,42,C344,C344_62175,62175,ZACA,2006,East Mooring Basin,EMB,U,46.196,N,-123.801,W,1,0,,,,,,11/20/2006,,,,,LT,339,242,204,23,,,,,,,
1,0,1,43,C630,C630_62176,62176,ZACA,2006,East Mooring Basin,EMB,U,46.196,N,-123.801,W,1,0,,,,,,12/2/2006,,,,,LT,208,220,164,133,,,,,,,
1,0,1,44,C669,C669_62176,62176,ZACA,2006,Bonneville Dam,BD,R,45.647,N,-121.948,W,1,0,,,,,,4/25/2007,,,,,LT,345,NA,NA,71,,,,,,,
1,0,1,45,C631,C631_62177,62177,ZACA,2006,East Mooring Basin,EMB,U,46.196,N,-123.801,W,1,0,,,,,,1/26/2007,,,,,LT,230,224,180,200,,,,,,,
1,0,1,46,C313,C313_62178,62178,ZACA,2006,East Mooring Basin,EMB,RW,46.196,N,-123.801,W,1,0,,,,,,1/26/2007,,,,,LT,276,245,170,60,,,,,,,
1,0,1,47,C265,C265_62179,62179,ZACA,2006,East Mooring Basin,EMB,R,46.196,N,-123.801,W,1,0,,,,,,1/31/2007,,,,,LT,294,230,180,115,,,,,,,
1,0,1,48,C633,C633_62180,62180,ZACA,2006,East Mooring Basin,EMB,U,46.196,N,-123.801,W,1,0,,,,,,2/22/2007,,,,,LT,309,232,170,92,,,,,,,
1,0,1,49,C632,C632_62181,62181,ZACA,2006,East Mooring Basin,EMB,U,46.196,N,-123.801,W,1,0,,,,,,2/1/2007,,,,,LT,243,250,188,175,,,,,,,
1,0,1,50,C309,C309_62182,62182,ZACA,2006,East Mooring Basin,EMB,R,46.196,N,-123.801,W,1,0,,,,,,2/5/2007,,,,,LT,243,235,170,62,,,,,,,
1,0,1,51,C634,C634_62183,62183,ZACA,2006,East Mooring Basin,EMB,U,46.196,N,-123.801,W,1,0,,,,,,2/22/2007,,,,,LT,247,228,162,122,,,,,,,
1,0,1,52,C653,C653_62184,62184,ZACA,2006,Bonneville Dam,BD,R,45.647,N,-121.948,W,1,0,,,,,,4/18/2007,,,,,LT,325,235,190,55,,,,,,,
1,0,1,53,C507,C507_62185,62185,ZACA,2006,East Mooring Basin,EMB,R,46.196,N,-123.801,W,1,0,,,,,,3/5/2007,,,,,LT,244,228,166,58,,,,,,,
1,0,1,54,C642,C642_62186,62186,ZACA,2006,East Mooring Basin,EMB,U,46.196,N,-123.801,W,1,0,,,,,,3/16/2007,,,,,LT,227,247,174,83,,,,,,,
1,0,1,55,C443,C443_62187,62187,ZACA,2006,Bonneville Dam,BD,R,45.647,N,-121.948,W,1,0,,,,,,4/4/2007,,,,,LT,323,NA,NA,73,,,,,,,
1,0,1,56,C643,C643_62188,62188,ZACA,2006,Bonneville Dam,BD,R,45.647,N,-121.948,W,1,0,,,,,,4/4/2007,,,,,LT,334,235,192,89,,,,,,,
1,0,1,57,C644,C644_62189,62189,ZACA,2006,Bonneville Dam,BD,R,45.647,N,-121.948,W,1,0,,,,,,4/4/2007,,,,,LT,225,226,152,110,,,,,,,
1,0,1,58,C645,C645_62190,62190,ZACA,2006,Bonneville Dam,BD,R,45.647,N,-121.948,W,1,0,,,,,,4/4/2007,,,,,LT,262,235,178,128,,,,,,,
1,0,1,59,C319,C319_62191,62191,ZACA,2006,Bonneville Dam,BD,R,45.647,N,-121.948,W,1,0,,,,,,4/19/2007,,,,,LT,523,NA,NA,32,,,,,,,
1,0,0,60,1035-20163,1035-20163,49852,SOSH,2004,Monterey Bay,MB,,36.9571,N,-121.9456,W,1,0,,,,,,6/13/2004 6:58,,,,49852,JA,,,,,,,,,,,
1,0,0,61,1035-20171,1035-20171,49853,SOSH,2004,Monterey Bay,MB,,36.9255,N,-121.9562,W,1,0,,,,,,7/4/2004 8:18,,,,49853,JA,,,,,,,,,,,
1,0,0,62,1035-20168,1035-20168,49854,SOSH,2004,Monterey Bay,MB,,36.9277,N,-121.9452,W,1,0,,,,,,7/4/2004 8:18,,,,49854,JA,,,,,,,,,,,
1,0,0,63,1035-20166,1035-20166,49855,SOSH,2004,Monterey Bay,MB,,36.9567,N,-121.9424,W,1,0,,,,,,6/13/2004 7:11,,,,49855,JA,,,,,,,,,,,
1,0,0,64,1035-20167,1035-20167,49856,SOSH,2004,Monterey Bay,MB,,36.9567,N,-121.9424,W,1,0,,,,,,6/13/2004 7:11,,,,49856,JA,,,,,,,,,,,
1,0,0,65,1035-20175,1035-20175,49857,SOSH,2004,Monterey Bay,MB,,36.9356,N,-121.9689,W,1,0,,,,,,7/15/2004 6:53,,,,49857,JA,,,,,,,,,,,
1,0,0,66,1035-20179,1035-20179,49858,SOSH,2004,Port San Luis,PSL,,35.139,N,-120.698,W,1,0,,,,,,9/2/2004 7:00,,,,49858,JA,,,,,,,,,,,
1,0,0,67,1035-20180,1035-20180,49859,SOSH,2004,Port San Luis,PSL,,35.1384,N,-120.6984,W,1,0,,,,,,9/2/2004 7:00,,,,49859,JA,,,,,,,,,,,
1,0,0,68,1035-20181,1035-20181,49860,SOSH,2004,Port San Luis,PSL,,35.137,N,-120.6974,W,1,0,,,,,,9/2/2004 7:00,,,,49860,JA,,,,,,,,,,,
1,0,0,69,1035-20186,1035-20186,49861,SOSH,2004,Port San Luis,PSL,,35.1386,N,-120.7188,W,1,0,,,,,,9/2/2004 11:32,,,,49861,JA,,,,,,,,,,,
1,0,0,70,1035-20183,1035-20183,49862,SOSH,2004,Port San Luis,PSL,,35.1439,N,-120.7222,W,1,0,,,,,,9/2/2004 11:32,,,,49862,JA,,,,,,,,,,,
1,0,0,71,1035-20184,1035-20184,49863,SOSH,2004,Port San Luis,PSL,,35.1395,N,-120.7206,W,1,0,,,,,,9/2/2004 11:32,,,,49863,JA,,,,,,,,,,,
1,0,0,72,1035-20185,1035-20185,49864,SOSH,2004,Port San Luis,PSL,,35.1394,N,-120.7191,W,1,0,,,,,,9/2/2004 11:32,,,,49864,JA,,,,,,,,,,,
1,0,0,73,1035-20192,1035-20192,49865,SOSH,2004,Port San Luis,PSL,,35.147,N,-120.75,W,1,0,,,,,,9/10/2004 10:39,,,,49865,JA,,,,,,,,,,,
1,0,0,74,1035-20187,1035-20187,49866,SOSH,2004,Port San Luis,PSL,,35.061,N,-120.66,W,1,0,,,,,,9/10/2004 7:57,,,,49866,JA,,,,,,,,,,,
1,0,0,75,1035-20193,1035-20193,49867,SOSH,2004,Port San Luis,PSL,,35.147,N,-120.75,W,1,0,,,,,,9/10/2004 10:39,,,,49867,JA,,,,,,,,,,,
1,0,0,76,1035-20188,1035-20188,49868,SOSH,2004,Port San Luis,PSL,,35.061,N,-120.66,W,1,0,,,,,,9/10/2004 7:57,,,,49868,JA,,,,,,,,,,,
1,0,0,77,1035-20195,1035-20195,49869,SOSH,2004,Port San Luis,PSL,,35.147,N,-120.75,W,1,0,,,,,,9/10/2004 10:39,,,,49869,JA,,,,,,,,,,,
1,0,0,78,1035-20190,1035-20190,49870,SOSH,2004,Port San Luis,PSL,,35.061,N,-120.66,W,1,0,,,,,,9/10/2004 7:57,,,,49870,JA,,,,,,,,,,,
1,0,0,79,1035-20191,1035-20191,49871,SOSH,2004,Port San Luis,PSL,,35.061,N,-120.66,W,1,0,,,,,,9/10/2004 7:57,,,,49871,JA,,,,,,,,,,,
1,0,0,80,1035-20199,1035-20199,57260,SOSH,2005,Columbia River Plume,CRP,,46.3861,N,-124.2595,W,1,0,,,,,,5/15/2005 6:12,,,,57260,JA,,,,,,,,,,,
1,0,0,81,1035-20200,1035-20200,57261,SOSH,2005,Columbia River Plume,CRP,,46.4335,N,-124.2129,W,1,0,,,,,,5/15/2005 8:03,,,5/24/2005 3:05,57261,JA,,,,,,,,,,,
1,0,0,82,1035-20201,1035-20201,57262,SOSH,2005,Columbia River Plume,CRP,,46.4349,N,-124.2109,W,1,0,,,,,,5/15/2005 8:03,,,,57262,JA,,,,,,,,,,,
1,0,0,83,1035-20233,1035-20233,57263,SOSH,2005,Monterey Bay,MB,,36.7739,N,-121.8549,W,1,0,,,,,,8/17/2005 9:25,,,,57263,JA,,,,,,,,,,,
1,0,0,84,1035-20235,1035-20235,57264,SOSH,2005,Monterey Bay,MB,,36.7735,N,-121.8667,W,1,0,,,,,,8/17/2005 9:25,,,,57264,JA,,,,,,,,,,,
1,0,0,85,1035-20215,1035-20215,57689,SOSH,2005,Monterey Bay,MB,,36.9515,N,-121.9358,W,1,0,,,,,,6/25/2005 8:04,,,,57689,JA,,,,,,,,,,,
1,0,0,86,1035-20222,1035-20222,57690,SOSH,2005,Monterey Bay,MB,,36.7822,N,-121.8647,W,1,0,,,,,,7/28/2005 10:37,,,,57690,JA,,,,,,,,,,,
1,0,0,87,1035-20214,1035-20214,57691,SOSH,2005,Monterey Bay,MB,,36.9499,N,-121.9348,W,1,0,,,,,,6/25/2005 8:04,,,,57691,JA,,,,,,,,,,,
1,0,0,88,1035-20238,1035-20238,57692,SOSH,2005,Monterey Bay,MB,,36.7788,N,-121.8575,W,1,0,,,,,,8/17/2005 11:45,,,,57692,JA,,,,,,,,,,,
1,0,0,89,1035-20216,1035-20216,57693,SOSH,2005,Monterey Bay,MB,,36.9515,N,-121.9373,W,1,0,,,,,,8/17/2005 6:29,,,,57693,JA,,,,,,,,,,,
1,0,0,90,1035-20229,1035-20229,57693,SOSH,2005,Monterey Bay,MB,,36.7745,N,-121.8514,W,1,0,,,,,,8/17/2005 6:29,,,,57693,JA,,,,,,,,,,,
1,0,0,91,1035-20219,1035-20219,57694,SOSH,2005,Monterey Bay,MB,,36.7812,N,-121.867,W,1,0,,,,,,7/28/2005 7:16,,,,57694,JA,,,,,,,,,,,
1,0,0,92,1035-20213,1035-20213,57695,SOSH,2005,Monterey Bay,MB,,36.9497,N,-121.932,W,1,0,,,,,,6/25/2005 8:04,,,,57695,JA,,,,,,,,,,,
1,0,0,93,1035-20211,1035-20211,57696,SOSH,2005,Monterey Bay,MB,,36.9459,N,-121.9371,W,1,0,,,,,,6/25/2005 8:04,,,,57696,JA,,,,,,,,,,,
1,0,0,94,1055-07123,1055-07123,57697,SOSH,2006,Monterey Bay,MB,,36.818,N,-121.834,W,1,0,,,,,,7/8/2006 7:51,,,,57697,JA,,,,,,,,,,,
1,0,0,95,1055-07121,1055-07121,57698,SOSH,2006,Monterey Bay,MB,,36.822,N,-121.854,W,1,0,,,,,,6/22/2006 4:39,,,,57698,JA,,,,,,,,,,,
1,0,0,96,1055-07119,1055-07119,57699,SOSH,2006,Monterey Bay,MB,,36.822,N,-121.854,W,1,0,,,,,,6/22/2006 4:39,,,,57699,JA,,,,,,,,,,,
1,0,0,97,1055-07130,1055-07130,57700,SOSH,2006,Monterey Bay,MB,,36.7759,N,-121.8812,W,1,0,,,,,,9/24/2006 7:25,,,,57700,JA,,,,,,,,,,,
1,0,0,98,1055-07122,1055-07122,57701,SOSH,2006,Monterey Bay,MB,,36.822,N,-121.854,W,1,0,,,,,,6/22/2006 4:39,,,,57701,JA,,,,,,,,,,,
1,0,0,99,1055-07128,1055-07128,57702,SOSH,2006,Monterey Bay,MB,,36.818,N,-121.834,W,1,0,,,,,,7/8/2006 7:51,,,,57702,JA,,,,,,,,,,,
1,0,0,100,1055-07134,1055-07134,57703,SOSH,2006,Monterey Bay,MB,,36.7822,N,-121.9444,W,1,0,,,,,,9/24/2006 7:25,,,,57703,JA,,,,,,,,,,,
1,0,0,101,1055-07131,1055-07131,66523,SOSH,2006,Monterey Bay,MB,,36.7791,N,-121.9223,W,1,0,,,,,,9/24/2006 7:25,,,,66523,JA,,,,,,,,,,,
1,0,0,102,1055-07133,1055-07133,66524,SOSH,2006,Monterey Bay,MB,,36.7829,N,-121.9431,W,1,0,,,,,,9/24/2006 7:25,,,,66524,JA,,,,,,,,,,,
1,0,0,103,1055-07103,1055-07103,66525,SOSH,2006,Monterey Bay,MB,,36.8,N,-121.885,W,1,0,,,,,,6/13/2006 8:02,,,,66525,JA,,,,,,,,,,,
1,0,0,104,1055-07132,1055-07132,66526,SOSH,2006,Monterey Bay,MB,,36.7837,N,-121.9431,W,1,0,,,,,,9/24/2006 7:25,,,,66526,JA,,,,,,,,,,,
1,0,0,105,1055-07127,1055-07127,66527,SOSH,2006,Monterey Bay,MB,,36.818,N,-121.834,W,1,0,,,,,,7/8/2006 7:51,,,,66527,JA,,,,,,,,,,,
1,0,0,106,1055-07166,1055-07166,66530,SOSH,2007,Monterey Bay,MB,,36.802,N,-121.84,W,1,0,,,,,,8/10/2007 7:42,,,,66530,JA,,,,,,,,,,,
1,0,0,107,1055-07164,1055-07164,66531,SOSH,2007,Monterey Bay,MB,,36.802,N,-121.84,W,1,0,,,,,,8/10/2007 7:42,,,,66531,JA,,,,,,,,,,,
1,0,0,108,1055-07176,1055-07176,66532,SOSH,2007,Monterey Bay,MB,,36.792,N,-121.8798,W,1,0,,,,,,9/12/2007 8:12,,,,66532,JA,,,,,,,,,,,
1,0,0,109,1055-07175,1055-07175,66533,SOSH,2007,Monterey Bay,MB,,36.793,N,-121.879,W,1,0,,,,,,9/12/2007 8:12,,,,66533,JA,,,,,,,,,,,
1,0,0,110,1055-07165,1055-07165,66535,SOSH,2007,Monterey Bay,MB,,36.802,N,-121.84,W,1,0,,,,,,8/10/2007 7:42,,,,66535,JA,,,,,,,,,,,
1,0,0,111,1055-07174,1055-07174,77029,SOSH,2007,Monterey Bay,MB,,36.7932,N,-121.8755,W,1,0,,,,,,9/12/2007 8:12,,,,77029,JA,,,,,,,,,,,
1,0,0,112,1055-07170,1055-07170,77031,SOSH,2007,Monterey Bay,MB,,36.819,N,-121.849,W,1,0,,,,,,8/11/2007 7:00,,,,77031,JA,,,,,,,,,,,
1,0,0,113,1055-07180,1055-07180,84209,SOSH,2008,Columbia River Plume,CRP,,46.468,N,-124.226,W,1,0,,,,,,6/19/2008 8:00,,,,84209,JA,,,,,,,,,,,
1,0,0,114,1055-07182,1055-07182,84210,SOSH,2008,Columbia River Plume,CRP,,46.337,N,-124.173,W,1,0,,,,,,6/20/2008 6:20,,,,84210,JA,,,,,,,,,,,
1,0,0,115,1055-07183,1055-07183,84211,SOSH,2008,Columbia River Plume,CRP,,46.336,N,-124.171,W,1,0,,,,,,6/20/2008 6:44,,,,84211,JA,,,,,,,,,,,
1,0,0,116,1055-07181,1055-07181,84212,SOSH,2008,Columbia River Plume,CRP,,46.338,N,-124.173,W,1,0,,,,,,6/20/2008 5:55,,,,84212,JA,,,,,,,,,,,
1,0,0,117,1055-07185,1055-07185,84213,SOSH,2008,Santa Barbara Channel,SBCH,,34.364,N,-119.697,W,1,0,,,,,,6/27/2008 8:33,,,,84213,JA,,,,,,,,,,,
1,0,0,118,1055-07186,1055-07186,84214,SOSH,2008,Santa Barbara Channel,SBCH,,34.363,N,-119.695,W,1,0,,,,,,6/27/2008 8:33,,,,84214,JA,,,,,,,,,,,
1,0,0,119,1055-07184,1055-07184,84215,SOSH,2008,Columbia River Plume,CRP,,46.338,N,-124.162,W,1,0,,,,,,6/20/2008 7:10,,,,84215,JA,,,,,,,,,,,
1,0,0,120,1055-07187,1055-07187,84216,SOSH,2008,Santa Barbara Channel,SBCH,,34.364,N,-119.697,W,1,0,,,,,,6/27/2008 8:33,,,,84216,JA,,,,,,,,,,,
1,0,0,121,1055-07179,1055-07179,84217,SOSH,2008,Columbia River Plume,CRP,,46.468,N,-124.221,W,1,0,,,,,,6/19/2008 7:34,,,,84217,JA,,,,,,,,,,,
1,0,0,122,1055-07177,1055-07177,84218,SOSH,2008,Columbia River Plume,CRP,,46.468,N,-124.226,W,1,0,,,,,,6/19/2008 7:01,,,,84218,JA,,,,,,,,,,,
1,0,0,123,1055-07196,1055-07196,84219,SOSH,2008,Monterey Bay,MB,,36.815,N,-121.806,W,1,0,,,,,,7/1/2008 9:00,,,,84219,JA,,,,,,,,,,,
1,0,0,124,1055-07195,1055-07195,84220,SOSH,2008,Santa Barbara Channel,SBCH,,34.331,N,-119.684,W,1,0,,,,,,6/28/2008 7:59,,,,84220,JA,,,,,,,,,,,
1,0,0,125,1055-07190,1055-07190,84221,SOSH,2008,Santa Barbara Channel,SBCH,,34.331,N,-119.684,W,1,0,,,,,,6/28/2008 7:59,,,,84221,JA,,,,,,,,,,,
1,0,0,126,1055-07191,1055-07191,84222,SOSH,2008,Santa Barbara Channel,SBCH,,34.331,N,-119.684,W,1,0,,,,,,6/28/2008 7:59,,,,84222,JA,,,,,,,,,,,
1,0,0,127,1055-07197,1055-07197,84223,SOSH,2008,Monterey Bay,MB,,36.815,N,-121.806,W,1,0,,,,,,7/1/2008 9:00,,,,84223,JA,,,,,,,,,,,
1,0,0,128,1055-07198,1055-07198,84224,SOSH,2008,Monterey Bay,MB,,36.815,N,-121.806,W,1,0,,,,,,7/1/2008 9:00,,,,84224,JA,,,,,,,,,,,
1,0,0,129,1055-07188,1055-07188,84225,SOSH,2008,Santa Barbara Channel,SBCH,,34.359,N,-119.691,W,1,0,,,,,,6/27/2008 8:33,,,,84225,JA,,,,,,,,,,,
1,0,0,130,1055-07189,1055-07189,84226,SOSH,2008,Santa Barbara Channel,SBCH,,34.369,N,-119.687,W,1,0,,,,,,6/27/2008 8:33,,,,84226,JA,,,,,,,,,,,
1,0,0,131,1055-07193,1055-07193,84227,SOSH,2008,Santa Barbara Channel,SBCH,,34.331,N,-119.684,W,1,0,,,,,,6/28/2008 7:59,,,,84227,JA,,,,,,,,,,,
1,0,0,132,1055-07192,1055-07192,84228,SOSH,2008,Santa Barbara Channel,SBCH,,34.331,N,-119.684,W,1,0,,,,,,6/28/2008 7:59,,,,84228,JA,,,,,,,,,,,
1,0,0,133,1055-07204,1055-07204,84229,SOSH,2008,Monterey Bay,MB,,36.786,N,-121.861,W,1,0,,,,,,7/2/2008 8:55,,,,84229,JA,,,,,,,,,,,
1,0,0,134,1055-07206,1055-07206,84230,SOSH,2008,Monterey Bay,MB,,36.815,N,-121.832,W,1,0,,,,,,7/4/2008 7:27,,,,84230,JA,,,,,,,,,,,
1,0,0,135,1055-07208,1055-07208,84231,SOSH,2008,Monterey Bay,MB,,36.815,N,-121.832,W,1,0,,,,,,7/4/2008 7:27,,,,84231,JA,,,,,,,,,,,
1,0,0,136,1055-07202,1055-07202,84232,SOSH,2008,Monterey Bay,MB,,36.786,N,-121.861,W,1,0,,,,,,7/2/2008 8:55,,,,84232,JA,,,,,,,,,,,
1,0,0,137,1055-07200,1055-07200,84233,SOSH,2008,Monterey Bay,MB,,36.815,N,-121.806,W,1,0,,,,,,7/1/2008 9:00,,,,84233,JA,,,,,,,,,,,
1,0,0,138,1055-07207,1055-07207,84234,SOSH,2008,Monterey Bay,MB,,36.815,N,-121.832,W,1,0,,,,,,7/4/2008 7:27,,,,84234,JA,,,,,,,,,,,
1,0,0,139,1055-07201,1055-07201,84235,SOSH,2008,Monterey Bay,MB,,36.786,N,-121.861,W,1,0,,,,,,7/2/2008 8:55,,,,84235,JA,,,,,,,,,,,
1,0,0,140,1055-07205,1055-07205,84237,SOSH,2008,Monterey Bay,MB,,36.786,N,-121.861,W,1,0,,,,,,7/2/2008 8:55,,,8/19/2008 1:05,84237,JA,,,,,,,,,,,
1,0,0,141,1055-07203,1055-07203,84238,SOSH,2008,Monterey Bay,MB,,36.786,N,-121.861,W,1,0,,,,,,7/2/2008 8:55,,,,84238,JA,,,,,,,,,,,
1,0,0,142,1055-07230,1055-07230,94556,SOSH,2009,Columbia River Plume,CRP,,46.233,N,-124.248,W,1,0,,,,,,5/16/2009 0:06,,,9/8/2009 19:50,94556,JA,,,,,,,,,,,
1,0,0,143,1055-07231,1055-07231,94557,SOSH,2009,Columbia River Plume,CRP,,46.6597,N,-124.1428,W,1,0,,,,,,6/7/2009 7:25,,,,94557,JA,,,,,,,,,,,
1,0,0,144,1055-07233,1055-07233,94558,SOSH,2009,Columbia River Plume,CRP,,46.6579,N,-124.1461,W,1,0,,,,,,6/7/2009 8:10,,,,94558,JA,,,,,,,,,,,
1,0,0,145,1055-07232,1055-07232,94559,SOSH,2009,Columbia River Plume,CRP,,46.661,N,-124.1426,W,1,0,,,,,,6/7/2009 7:50,,,,94559,JA,,,,,,,,,,,
1,0,0,146,1055-07234,1055-07234,94560,SOSH,2009,Columbia River Plume,CRP,,46.658,N,-124.1457,W,1,0,,,,,,6/7/2009 8:29,,,,94560,JA,,,,,,,,,,,
1,0,0,147,1055-07236,1055-07236,94561,SOSH,2009,Monterey Bay,MB,,36.961,N,-121.929,W,1,0,,,,,,6/19/2009 6:38,,,,94561,JA,,,,,,,,,,,
1,0,0,148,1055-07237,1055-07237,94562,SOSH,2009,Monterey Bay,MB,,36.961,N,-121.929,W,1,0,,,,,,6/19/2009 6:38,,,,94562,JA,,,,,,,,,,,
1,0,0,149,1055-07238,1055-07238,94563,SOSH,2009,Monterey Bay,MB,,36.961,N,-121.929,W,1,0,,,,,,6/19/2009 6:38,,,,94563,JA,,,,,,,,,,,
1,0,0,150,1055-07242,1055-07242,94565,SOSH,2009,Monterey Bay,MB,,36.956,N,-121.928,W,1,0,,,,,,6/20/2009 7:05,,,,94565,JA,,,,,,,,,,,
1,0,0,151,1055-07243,1055-07243,94566,SOSH,2009,Monterey Bay,MB,,36.956,N,-121.928,W,1,0,,,,,,6/20/2009 7:05,,,,94566,JA,,,,,,,,,,,
1,0,0,152,1055-07245,1055-07245,94567,SOSH,2009,Monterey Bay,MB,,36.956,N,-121.928,W,1,0,,,,,,6/20/2009 7:05,,,,94567,JA,,,,,,,,,,,
1,0,0,153,1055-07246,1055-07246,94568,SOSH,2009,Monterey Bay,MB,,36.956,N,-121.928,W,1,0,,,,,,6/20/2009 7:05,,,,94568,JA,,,,,,,,,,,
1,0,0,154,1055-07249,1055-07249,94569,SOSH,2009,Monterey Bay,MB,,36.941,N,-121.907,W,1,0,,,,,,6/27/2009 7:17,,,,94569,JA,,,,,,,,,,,
1,0,0,155,1055-07248,1055-07248,94570,SOSH,2009,Monterey Bay,MB,,36.941,N,-121.907,W,1,0,,,,,,6/27/2009 7:17,,,,94570,JA,,,,,,,,,,,
1,0,0,156,1055-07250,1055-07250,94571,SOSH,2009,Monterey Bay,MB,,36.941,N,-121.907,W,1,0,,,,,,6/27/2009 7:17,,,,94571,JA,,,,,,,,,,,
1,0,0,157,1055-07251,1055-07251,94572,SOSH,2009,Monterey Bay,MB,,36.941,N,-121.907,W,1,0,,,,,,6/27/2009 7:17,,,,94572,JA,,,,,,,,,,,
1,0,0,158,1055-07254,1055-07254,94573,SOSH,2009,Monterey Bay,MB,,36.941,N,-121.907,W,1,0,,,,,,6/27/2009 7:17,,,,94573,JA,,,,,,,,,,,
1,0,0,159,1055-07253,1055-07253,94574,SOSH,2009,Monterey Bay,MB,,36.941,N,-121.907,W,1,0,,,,,,6/27/2009 7:17,,,,94574,JA,,,,,,,,,,,
1,0,0,160,1055-07255,1055-07255,94575,SOSH,2009,Santa Barbara Channel,SBCH,,34.313,N,-119.719,W,1,0,,,,,,6/30/2009 8:11,,,,94575,JA,,,,,,,,,,,
1,0,0,161,1055-07259,1055-07259,94576,SOSH,2009,Santa Barbara Channel,SBCH,,34.364,N,-119.682,W,1,0,,,,,,6/30/2009 11:36,,,,94576,JA,,,,,,,,,,,
1,0,0,162,1055-07265,1055-07265,94577,SOSH,2009,Santa Barbara Channel,SBCH,,34.339,N,-119.72,W,1,0,,,,,,7/1/2009 8:01,,,,94577,JA,,,,,,,,,,,
1,0,0,163,1055-07261,1055-07261,94578,SOSH,2009,Santa Barbara Channel,SBCH,,34.364,N,-119.682,W,1,0,,,,,,6/30/2009 11:36,,,,94578,JA,,,,,,,,,,,
1,0,0,164,1055-07262,1055-07262,94579,SOSH,2009,Santa Barbara Channel,SBCH,,34.364,N,-119.682,W,1,0,,,,,,6/30/2009 11:36,,,,94579,JA,,,,,,,,,,,
1,0,0,165,1055-07267,1055-07267,94581,SOSH,2009,Santa Barbara Channel,SBCH,,34.377,N,-119.704,W,1,0,,,,,,7/1/2009 10:46,,,,94581,JA,,,,,,,,,,,
1,0,0,166,1055-07266,1055-07266,94582,SOSH,2009,Santa Barbara Channel,SBCH,,34.339,N,-119.72,W,1,0,,,,,,7/1/2009 8:01,,,,94582,JA,,,,,,,,,,,
1,0,0,167,1055-07268,1055-07268,94583,SOSH,2009,Santa Barbara Channel,SBCH,,34.377,N,-119.704,W,1,0,,,,,,7/1/2009 10:46,,,,94583,JA,,,,,,,,,,,
1,0,0,168,1055-07269,1055-07269,94584,SOSH,2009,Santa Barbara Channel,SBCH,,34.377,N,-119.704,W,1,0,,,,,,7/1/2009 10:46,,,,94584,JA,,,,,,,,,,,
1,0,0,169,1055-07271,1055-07271,94585,SOSH,2009,Santa Barbara Channel,SBCH,,34.377,N,-119.704,W,1,0,,,,,,7/1/2009 10:46,,,,94585,JA,,,,,,,,,,,
1,0,0,170,1055-07270,1055-07270,84236,SOSH,2009,Santa Barbara Channel,SBCH,,34.377,N,-119.704,W,1,0,,,,,,7/1/2009 11:46,,,,84236,JA,,,,,,,,,,,
1,1,0,171,,35107.1,35107.1,PFSH,2002,Isla Santa Clara Juan Fernandez Islands,ISC,,-33.706,S,-78.944,W,1,1,,,-33.706,-78.944,,2/14/2002 8:52,,,2/19/2002 7:56,35107.1,PH,,,,,,,,,,,
1,1,0,172,,35109.1,35109.1,PFSH,2002,Isla Santa Clara Juan Fernandez Islands,ISC,,-33.706,S,-78.944,W,1,1,,,-33.706,-78.944,,2/24/2002 9:25,,,3/5/2002 1:42,35109.1,PH,,,,,,,,,,,
0,1,0,173,R10,35107.2,35107.2,PFSH,2003,Isla Santa Clara Juan Fernandez Islands,ISC,,-33.706,S,-78.944,W,1,1,,,,,,2/13/2003 5:39,,,,,PH,,,,,,,,,,,
1,1,0,174,R1,35108.1,35108.1,PFSH,2003,Isla Santa Clara Juan Fernandez Islands,ISC,,-33.706,S,-78.944,W,1,1,,,-33.706,-78.944,,2/13/2003 3:22,,,2/20/2003 0:53,35108.1,PH,,,,,,,,,,,
1,1,0,175,R7,35108.2,35108.2,PFSH,2003,Isla Santa Clara Juan Fernandez Islands,ISC,,-33.706,S,-78.944,W,1,1,,,-33.706,-78.944,,2/20/2003 9:57,,,3/6/2003 1:22,35108.2,PH,,,,,,,,,,,
1,1,0,176,R2,35109.2,35109.2,PFSH,2003,Isla Santa Clara Juan Fernandez Islands,ISC,,-33.706,S,-78.944,W,1,1,,,-33.706,-78.944,,2/13/2003 7:35,,,3/3/2003 1:28,35109.2,PH,,,,,,,,,,,
1,1,0,177,R33,35110,35110,PFSH,2003,Isla Santa Clara Juan Fernandez Islands,ISC,,-33.706,S,-78.944,W,1,1,,,-33.706,-78.944,,2/15/2003 6:35,,,3/17/2003 0:11,35110,PH,,,,,,,,,,,
1,1,0,178,R39,35111.1,35111.1,PFSH,2003,Isla Santa Clara Juan Fernandez Islands,ISC,,-33.706,S,-78.944,W,1,1,,,-33.706,-78.944,,2/15/2003 9:07,,,3/3/2003 1:02,35111.1,PH,,,,,,,,,,,
1,1,0,179,R37,35111.2,35111.2,PFSH,2003,Isla Santa Clara Juan Fernandez Islands,ISC,,-33.706,S,-78.944,W,1,0,,,,,,3/3/2003 3:31,,,,35111.2,PH,,,,,,,,,,,
1,1,0,180,V54,43766.1,43766.1,PFSH,2004,Isla Santa Clara Juan Fernandez Islands,ISC,,-33.706,S,-78.944,W,1,1,,,-33.706,-78.944,,2/10/2004 1:36,,,2/18/2004 1:51,43766.1,PH,,,,,,,,,,,
1,1,0,181,V3,43766.2,43766.2,PFSH,2004,Isla Santa Clara Juan Fernandez Islands,ISC,,-33.706,S,-78.944,W,1,1,,,-33.706,-78.944,,2/18/2004 2:13,,,3/4/2004 7:58,43766.2,PH,,,,,,,,,,,
1,1,0,182,V17,43767.1,43767.1,PFSH,2004,Isla Santa Clara Juan Fernandez Islands,ISC,,-33.706,S,-78.944,W,1,1,,,-33.706,-78.944,,2/10/2004 2:29,,,2/19/2004 1:37,43767.1,PH,,,,,,,,,,,
1,1,0,183,V61,43767.2,43767.2,PFSH,2004,Isla Santa Clara Juan Fernandez Islands,ISC,,-33.706,S,-78.944,W,1,1,,,-33.706,-78.944,,2/19/2004 2:07,,,2/26/2004 5:34,43767.2,PH,,,,,,,,,,,
0,1,0,184,V16,43767.3,43767.3,PFSH,2004,Isla Santa Clara Juan Fernandez Islands,ISC,,-33.706,S,-78.944,W,1,1,,,-33.706,-78.944,,2/28/2004 7:32,,,3/7/2004 2:07,43767.3,PH,,,,,,,,,,,
1,1,0,185,V58,43768.1,43768.1,PFSH,2004,Isla Santa Clara Juan Fernandez Islands,ISC,,-33.706,S,-78.944,W,1,1,,,-33.706,-78.944,,2/10/2004 2:09,,,2/28/2004 3:48,43768.1,PH,,,,,,,,,,,
1,1,0,186,V8,44204.1,44204.1,PFSH,2004,Isla Santa Clara Juan Fernandez Islands,ISC,,-33.706,S,-78.944,W,1,1,,,-33.706,-78.944,,2/9/2004 2:35,,,2/16/2004 2:06,44204.1,PH,,,,,,,,,,,
1,1,0,187,V56,44204.2,44204.2,PFSH,2004,Isla Santa Clara Juan Fernandez Islands,ISC,,-33.706,S,-78.944,W,1,0,,,,,,2/16/2004 3:25,,,,44204.2,PH,,,,,,,,,,,
1,1,0,188,V17,44205,44205,PFSH,2004,Isla Santa Clara Juan Fernandez Islands,ISC,,-33.706,S,-78.944,W,1,1,,,-33.706,-78.944,,2/9/2004 2:16,,,2/22/2004 3:41,44205,PH,,,,,,,,,,,
1,1,0,189,V1 ,44206.1,44206.1,PFSH,2004,Isla Santa Clara Juan Fernandez Islands,ISC,,-33.706,S,-78.944,W,1,1,,,-33.706,-78.944,,2/10/2004 1:49,,,2/18/2004 8:05,44206.1,PH,,,,,,,,,,,
1,1,0,190,V13,44206.2,44206.2,PFSH,2004,Isla Santa Clara Juan Fernandez Islands,ISC,,-33.706,S,-78.944,W,1,1,,,-33.706,-78.944,,2/19/2004 1:32,,,2/24/2004 8:23,44206.2,PH,,,,,,,,,,,
1,1,0,191,V60,44206.3,44206.3,PFSH,2004,Isla Santa Clara Juan Fernandez Islands,ISC,,-33.706,S,-78.944,W,1,1,,,-33.706,-78.944,,2/25/2004 4:39,,,3/5/2004 1:50,44206.3,PH,,,,,,,,,,,
1,1,0,192,R58,43766.3,43766.3,PFSH,2005,Isla Santa Clara Juan Fernandez Islands,ISC,,-33.706,S,-78.944,W,1,1,,,-33.706,-78.944,,2/16/2005 3:12,,,2/27/2005 4:20,43766.3,PH,,,,,,,,,,,
1,1,0,193,R44,43767.4,43767.4,PFSH,2005,Isla Santa Clara Juan Fernandez Islands,ISC,,-33.706,S,-78.944,W,1,1,,,-33.706,-78.944,,2/17/2005 7:03,,,2/27/2005 1:28,43767.4,PH,,,,,,,,,,,
1,1,0,194,R68,43768.2,43768.2,PFSH,2005,Isla Santa Clara Juan Fernandez Islands,ISC,,-33.706,S,-78.944,W,1,1,,,-33.706,-78.944,,2/17/2005 2:30,,,2/22/2005 9:40,43768.2,PH,,,,,,,,,,,
0,1,0,195,V126,43768.3,43768.3,PFSH,2005,Isla Santa Clara Juan Fernandez Islands,ISC,,-33.706,S,-78.944,W,1,1,,,-33.706,-78.944,,2/28/2005 1:30,,,3/11/2005 2:21,,PH,,,,,,,,,,,
1,1,0,196,R54,44206.4,44206.4,PFSH,2005,Isla Santa Clara Juan Fernandez Islands,ISC,,-33.706,S,-78.944,W,1,1,,,-33.706,-78.944,,2/17/2005 4:45,,,2/21/2005 8:40,44206.4,PH,,,,,,,,,,,
0,1,0,197,V27,44206.5,44206.5,PFSH,2005,Isla Santa Clara Juan Fernandez Islands,ISC,,-33.706,S,-78.944,W,1,1,,,-33.706,-78.944,,2/28/2005 5:23,,,3/7/2005 4:12,,PH,,,,,,,,,,,
1,0,0,198,,64375,64375,PFSH,2006,Isla Robinson Crusoe Juan Fernandez Islands,IRC,,-33.613,S,-78.878,W,1,,,,,,,4/21/2006 0:00,,,,64375,PH,,,,,,,,,,,
1,0,0,199,,64376,64376,PFSH,2006,Isla Robinson Crusoe Juan Fernandez Islands,IRC,,-33.613,S,-78.878,W,1,,,,,,,4/21/2006 0:00,,,,64376,PH,,,,,,,,,,,
1,0,0,200,,64377,64377,PFSH,2006,Isla Robinson Crusoe Juan Fernandez Islands,IRC,,-33.613,S,-78.878,W,1,,,,,,,4/21/2006 0:00,,,,64377,PH,,,,,,,,,,,
1,0,0,201,,64378,64378,PFSH,2006,Isla Robinson Crusoe Juan Fernandez Islands,IRC,,-33.613,S,-78.878,W,1,,,,,,,4/21/2006 0:00,,,,64378,PH,,,,,,,,,,,
1,0,0,202,,64379,64379,PFSH,2006,Isla Robinson Crusoe Juan Fernandez Islands,IRC,,-33.613,S,-78.878,W,1,,,,,,,4/21/2006 0:00,,,,64379,PH,,,,,,,,,,,
1,0,0,203,1055-07260,1055-07260,39138,PFSH,2009,Santa Barbara Channel,SBCH,,34.364,N,-119.682,W,1,,,,,,,6/30/2009 11:36,,,,39138,JA,,,,,,,,,,,
1,0,0,204,1055-07257,1055-07257,39140,PFSH,2009,Santa Barbara Channel,SBCH,,34.313,N,-119.719,W,1,,,,,,,6/30/2009 8:11,,,,39140,JA,,,,,,,,,,,
1,0,0,205,1055-07256,1055-07256,39141,PFSH,2009,Santa Barbara Channel,SBCH,,34.313,N,-119.719,W,1,,,,,,,6/30/2009 8:11,,,,39141,JA,,,,,,,,,,,
1,0,0,206,1055-07264,1055-07264,39142,PFSH,2009,Santa Barbara Channel,SBCH,,34.339,N,-119.72,W,1,,,,,,,7/1/2009 8:01,,,,39142,JA,,,,,,,,,,,
1,0,0,207,1055-07258,1055-07258,39144,PFSH,2009,Santa Barbara Channel,SBCH,,34.364,N,-119.682,W,1,,,,,,,6/30/2009 11:36,,,,39144,JA,,,,,,,,,,,
1,0,0,208,,96060,96060,PFSH,2011,Isla Mocha Chile,MOC,,-38.3549,S,-73.92015,W,1,,,,,,,5/1/2011 3:00,,,,96060,JA,,,,,,,,,,,
1,0,0,209,,96061,96061,PFSH,2011,Isla Mocha Chile,MOC,,-38.3549,S,-73.92015,W,1,,,,,,,5/2/2011 3:00,,,,96061,JA,,,,,,,,,,,
1,0,0,210,,99579,99579,PFSH,2011,Isla Mocha Chile,MOC,,-38.3549,S,-73.92015,W,1,,,,,,,5/1/2011 3:00,,,,99579,JA,,,,,,,,,,,
1,0,0,211,,99580,99580,PFSH,2011,Isla Mocha Chile,MOC,,-38.3549,S,-73.92015,W,1,,,,,,,5/1/2011 3:00,,,,99580,JA,,,,,,,,,,,
1,0,0,212,,99581,99581,PFSH,2011,Isla Mocha Chile,MOC,,-38.3549,S,-73.92015,W,1,,,,,,,5/1/2011 3:00,,,,99581,JA,,,,,,,,,,,
1,0,0,213,,99582,99582,PFSH,2011,Isla Mocha Chile,MOC,,-38.3549,S,-73.92015,W,1,,,,,,,5/1/2011 3:00,,,,99582,JA,,,,,,,,,,,
1,0,0,214,,102530,102530,PFSH,2011,Isla Mocha Chile,MOC,,-38.3549,S,-73.92015,W,1,,,,,,,5/2/2011 3:00,,,,102530,JA,,,,,,,,,,,
1,0,0,215,,102531,102531,PFSH,2011,Isla Mocha Chile,MOC,,-38.3549,S,-73.92015,W,1,,,,,,,5/2/2011 3:00,,,,102531,JA,,,,,,,,,,,
1,0,0,216,,102532,102532,PFSH,2011,Isla Mocha Chile,MOC,,-38.3549,S,-73.92015,W,1,,,,,,,5/2/2011 3:00,,,,102532,JA,,,,,,,,,,,
1,0,0,217,,99626,99626,PFSH,2013,Isla Mocha Chile,MOC,,-38.3549,S,-73.92015,W,1,,,,,,,4/3/2013 3:00,,,,99626,VC,,,,,,,,,,,
1,0,0,218,,99627,99627,PFSH,2013,Isla Mocha Chile,MOC,,-38.3549,S,-73.92015,W,1,,,,,,,4/3/2013 3:00,,,,99627,VC,,,,,,,,,,,
1,0,0,219,,99629,99629,PFSH,2013,Isla Mocha Chile,MOC,,-38.3549,S,-73.92015,W,1,,,,,,,4/3/2013 3:00,,,,99629,VC,,,,,,,,,,,
1,0,0,220,,99630,99630,PFSH,2013,Isla Mocha Chile,MOC,,-38.3549,S,-73.92015,W,1,,,,,,,4/3/2013 3:00,,,,99630,VC,,,,,,,,,,,
1,0,0,221,,99631,99631,PFSH,2013,Isla Mocha Chile,MOC,,-38.3549,S,-73.92015,W,1,,,,,,,4/3/2013 3:00,,,,99631,VC,,,,,,,,,,,
1,0,0,222,,99632,99632,PFSH,2013,Isla Mocha Chile,MOC,,-38.3549,S,-73.92015,W,1,,,,,,,4/3/2013 3:00,,,,99632,VC,,,,,,,,,,,
1,0,0,223,1055-07224,PFSH004,129895,PFSH,2013,Santa Barbara Channel,SBCH,,34.34805556,N,-119.675,W,1,,,,,,,6/8/2013 9:10,,,,129895,JA,,,,,,,,,,,
1,0,0,224,1055-07222,PFSH002,129887,PFSH,2013,Santa Barbara Channel,SBCH,,34.34166667,N,-119.7036111,W,1,,,,,,,6/8/2013 7:26,,,,129887,JA,,,,,,,,,,,
1,0,0,225,1055-07221,PFSH001,129888,PFSH,2013,Santa Barbara Channel,SBCH,,34.34055556,N,-119.7019444,W,1,,,,,,,6/8/2013 7:00,,,,129888,JA,,,,,,,,,,,
1,0,0,226,1055-07226,PFSH007,129889,PFSH,2013,Santa Barbara Channel,SBCH,,34.37472222,N,-119.6908333,W,1,,,,,,,6/8/2013 10:54,,,,129889,JA,,,,,,,,,,,
1,0,0,227,1055-07225,PFSH005,129891,PFSH,2013,Santa Barbara Channel,SBCH,,34.34805556,N,-119.675,W,1,,,,,,,6/8/2013 9:30,,,,129891,JA,,,,,,,,,,,
1,0,0,228,1055-07220,PFSH006,129892,PFSH,2013,Santa Barbara Channel,SBCH,,34.37472222,N,-119.6908333,W,1,,,,,,,6/8/2013 10:40,,,,129892,JA,,,,,,,,,,,
1,0,0,229,1055-07223,PFSH003,129896,PFSH,2013,Santa Barbara Channel,SBCH,,34.34805556,N,-119.675,W,1,,,,,,,6/8/2013 8:45,,,,129896,JA,,,,,,,,,,,
0,0,0,230,LL00748,MOC2015PFSH129890,129890,PFSH,2015,Isla Mocha Chile,MOC,,-38.3549,S,-73.92015,W,1,0,,,,,,4/15/2015 1:06,,,,129890,JF,,,,,,,,,,,
0,0,0,231,LL00706,MOC2015PFSH129893,129893,PFSH,2015,Isla Mocha Chile,MOC,,-38.3549,S,-73.92015,W,1,0,,,,,,4/14/2015 3:30,,,,129893,JF,,,,,,,,,,,
0,0,0,232,LL00703,MOC2015PFSH129894,129894,PFSH,2015,Isla Mocha Chile,MOC,,-38.3549,S,-73.92015,W,1,0,,,,,,4/14/2015 2:11,,,,129894,JF,,,,,,,,,,,
0,0,0,233,LL00705,MOC2015PFSH137986,137986,PFSH,2015,Isla Mocha Chile,MOC,,-38.3549,S,-73.92015,W,1,0,,,,,,4/14/2015 2:56,,,,137986,JF,,,,,,,,,,,
0,0,0,234,LL00750,MOC2015PFSH137987,137987,PFSH,2015,Isla Mocha Chile,MOC,,-38.3549,S,-73.92015,W,1,0,,,,,,4/15/2015 2:15,,,,137987,JF,,,,,,,,,,,
0,0,0,235,LL00707,MOC2015PFSH137988,137988,PFSH,2015,Isla Mocha Chile,MOC,,-38.3549,S,-73.92015,W,1,0,,,,,,4/14/2015 4:32,,,,137988,JF,,,,,,,,,,,
0,0,0,236,LL00702,MOC2015PFSH137989,137989,PFSH,2015,Isla Mocha Chile,MOC,,-38.3549,S,-73.92015,W,1,0,,,,,,4/14/2015 1:44,,,,137989,JF,,,,,,,,,,,
0,0,0,237,LL00749,MOC2015PFSH137990,137990,PFSH,2015,Isla Mocha Chile,MOC,,-38.3549,S,-73.92015,W,1,0,,,,,,4/15/2015 1:35,,,,137990,JF,,,,,,,,,,,
0,0,0,238,LL00708,MOC2015PFSH137991,137991,PFSH,2015,Isla Mocha Chile,MOC,,-38.3549,S,-73.92015,W,1,0,,,,,,4/14/2015 5:08,,,,137991,JF,,,,,,,,,,,
0,0,0,239,LL00709,MOC2015PFSH137992,137992,PFSH,2015,Isla Mocha Chile,MOC,,-38.3549,S,-73.92015,W,1,0,,,,,,4/15/2015 0:39,,,,137992,JF,,,,,,,,,,,
1,0,0,240,118603004,3004,149954,COMU,2015,Yaquina Head,YHONA,,44.68186042,,-124.0975756,W,1,0,44.677726,-124.080382,,,Argos wetcounter,5/19/2015 7:48,,,,149954,RS JA,NA,NA,NA,,Rob Suryan,Rob.Suryan@oregonstate.edu ,683917A,,,,
1,0,0,241,118603005,3005,149957,COMU,2015,Yaquina Head,YHONA,,44.68186042,,-124.0975756,,1,0,44.677726,-124.080382,,,Argos wetcounter,5/19/2015 8:14,,,,149957,RS JA,NA,NA,NA,,Rob Suryan,Rob.Suryan@oregonstate.edu ,683933A,,,,
1,0,0,242,118603008,3008,149953,COMU,2015,Yaquina Head,YHONA,,44.679,,-124.0557,,1,0,44.677726,-124.080382,,,Argos wetcounter,5/20/2015 6:48,,,,149953,RS JA,NA,NA,NA,,Rob Suryan,Rob.Suryan@oregonstate.edu ,683916A,,,,
1,0,0,243,118603009,3009,149956,COMU,2015,Yaquina Head,YHONA,,44.679,,-124.0557,,1,0,44.677726,-124.080382,,,Argos wetcounter,5/20/2015 7:11,,,,149956,RS JA,NA,NA,NA,,Rob Suryan,Rob.Suryan@oregonstate.edu ,683932A,,,,
1,0,0,244,118603011,3011,149955,COMU,2015,Yaquina Head,YHONA,,44.6724,,-124.0916,,1,0,44.677726,-124.080382,,,Argos wetcounter,5/20/2015 7:55,,,,149955,RS JA,NA,NA,NA,,Rob Suryan,Rob.Suryan@oregonstate.edu ,683931A,,,,
1,0,0,245,118603012,3012,149958,COMU,2015,Yaquina Head,YHONA,,44.6733,,-124.0952,,1,0,44.677726,-124.080382,,,Argos wetcounter,5/20/2015 8:24,,,,149958,RS JA,NA,NA,NA,,Rob Suryan,Rob.Suryan@oregonstate.edu ,683934A,,,,
1,0,0,246,118603014,3014,149959,COMU,2015,Yaquina Head,YHONA,,44.6702,,-124.1057,,1,0,44.677726,-124.080382,,,Argos wetcounter,5/20/2015 9:34,,,,149959,RS JA,NA,NA,NA,,Rob Suryan,Rob.Suryan@oregonstate.edu ,683935A,,,,
1,0,0,247,118603015,3015,149960,COMU,2015,Yaquina Head,YHONA,,44.6582,,-124.103,,1,0,44.677726,-124.080382,,,Argos wetcounter,5/20/2015 10:25,,,,149960,RS JA,NA,NA,NA,,Rob Suryan,Rob.Suryan@oregonstate.edu ,683936A,,,,
1,0,0,248,118603018,3018,149962,COMU,2015,Yaquina Head,YHONA,,44.6795,,-124.0948,,1,0,44.677726,-124.080382,,,Argos wetcounter,5/21/2015 5:45,,,,149962,RS JA,NA,NA,NA,,Rob Suryan,Rob.Suryan@oregonstate.edu ,683938A,,,,
1,0,0,249,118603019,3019,149961,COMU,2015,Yaquina Head,YHONA,,44.6798,,-124.095,,1,0,44.677726,-124.080382,,,Argos wetcounter,5/21/2015 6:28,,,,149961,RS JA,NA,NA,NA,,Rob Suryan,Rob.Suryan@oregonstate.edu ,683937A,,,,
1,,,,,,68021,HAPE,2006,"Lana'i, Hale",,,,,,,,,,,,,,,,,,68021,,,,,,,,,,,,
1,,,,,,68022,HAPE,2006,"Lana'i, Hale",,,,,,,,,,,,,,,,,,68022,,,,,,,,,,,,
1,,,,,,68019,HAPE,2006,"Maui, Haleakal",,,,,,,,,,,,,,,,,,68019,,,,,,,,,,,,
1,,,,,,68020,HAPE,2006,"Maui, Haleakal",,,,,,,,,,,,,,,,,,68020,,,,,,,,,,,,
1,,,,,,41646,HAPE,2007,"Maui, Haleakal",,,,,,,,,,,,,,,,,,41646,,,,,,,,,,,,
1,,,,,,41666,HAPE,2007,"Maui, Haleakal",,,,,,,,,,,,,,,,,,41666,,,,,,,,,,,,
1,,,,,,41680,HAPE,2007,"Maui, Haleakal",,,,,,,,,,,,,,,,,,41680,,,,,,,,,,,,
1,,,,,,41886,HAPE,2007,"Maui, Haleakal",,,,,,,,,,,,,,,,,,41886,,,,,,,,,,,,
1,,,,,,68018,HAPE,2007,"Maui, Haleakal",,,,,,,,,,,,,,,,,,68018,,,,,,,,,,,,
1,,,,,,68019,HAPE,2007,"Maui, Haleakal",,,,,,,,,,,,,,,,,,200768019,,,,,,,,,,,,
1,,,,,,68020,HAPE,2007,"Maui, Haleakal",,,,,,,,,,,,,,,,,,200768020,,,,,,,,,,,,
1,,,,,,68021,HAPE,2007,"Maui, Haleakal",,,,,,,,,,,,,,,,,,200768021,,,,,,,,,,,,
1,,,,,,68022,HAPE,2007,"Maui, Haleakal",,,,,,,,,,,,,,,,,,200768022,,,,,,,,,,,,
1,,,,,,68020,HAPE,2008,"Lana'i, Hale",,,,,,,,,,,,,,,,,,200868020.1,,,,,,,,,,,,
1,,,,,,68022,HAPE,2008,"Lana'i, Hale",,,,,,,,,,,,,,,,,,200868022.1,,,,,,,,,,,,
1,,,,,,41646,HAPE,2008,"Maui, Haleakal",,,,,,,,,,,,,,,,,,200841646,,,,,,,,,,,,
1,,,,,,41680,HAPE,2008,"Maui, Haleakal",,,,,,,,,,,,,,,,,,200841680,,,,,,,,,,,,
1,,,,,,68020,HAPE,2008,"Maui, Haleakal",,,,,,,,,,,,,,,,,,200868020,,,,,,,,,,,,
1,,,,,,68021,HAPE,2008,"Maui, Haleakal",,,,,,,,,,,,,,,,,,200868021,,,,,,,,,,,,
1,,,,,,68022,HAPE,2008,"Maui, Haleakal",,,,,,,,,,,,,,,,,,200868022,,,,,,,,,,,,
1,,,,,,129898,HAPE,2013,"Hawaii, Mauna Loa? Determine which 2013 bird was Mauna Loa",,,,,,,,,,,,,,,,,,129898,,,,,,,,,,,,
1,,,,,,129901,HAPE,2013,"Kauai, Hono O Na'pali",,,,,,,,,,,,,,,,,,129901,,,,,,,,,,,,
1,,,,,,129902,HAPE,2013,"Kauai, Hono O Na'pali",,,,,,,,,,,,,,,,,,129902,,,,,,,,,,,,
1,,,,,,129903,HAPE,2013,"Kauai, Hono O Na'pali",,,,,,,,,,,,,,,,,,129903,,,,,,,,,,,,
1,,,,,,129904,HAPE,2013,"Kauai, Hono O Na'pali",,,,,,,,,,,,,,,,,,129904,,,,,,,,,,,,
1,,,,,,129905,HAPE,2013,"Kauai, Hono O Na'pali",,,,,,,,,,,,,,,,,,129905,,,,,,,,,,,,
0,,,,,,?,HAPE,2014,?,,,,,,,,,,,,,,,,,,,,,,,,,,,,,,
,,,,,,138434,NESH,2014,?,,,,,,,,,,,,,,,,,,138434,,,,,,,,,,,,
,,,,,,141873,NESH,2014,?,,,,,,,,,,,,,,,,,,141873,,,,,,,,,,,,
,,,,,,141874,NESH,2014,?,,,,,,,,,,,,,,,,,,141874,,,,,,,,,,,,
,,,,,,141875,NESH,2014,?,,,,,,,,,,,,,,,,,,141875,,,,,,,,,,,,
,,,,,,141876,NESH,2014,?,,,,,,,,,,,,,,,,,,141876,,,,,,,,,,,,
,,,,,,141877,NESH,2014,?,,,,,,,,,,,,,,,,,,141877,,,,,,,,,,,,
,,,,,,141878,NESH,2014,?,,,,,,,,,,,,,,,,,,141878,,,,,,,,,,,,
,,,,,,141879,NESH,2014,?,,,,,,,,,,,,,,,,,,141879,,,,,,,,,,,,
,,,,,,141880,NESH,2014,?,,,,,,,,,,,,,,,,,,141880,,,,,,,,,,,,
,,,,,,141881,NESH,2014,?,,,,,,,,,,,,,,,,,,141881,,,,,,,,,,,,
,,,,,,141882,NESH,2014,?,,,,,,,,,,,,,,,,,,141882,,,,,,,,,,,,
,,,,,,141883,NESH,2014,?,,,,,,,,,,,,,,,,,,141883,,,,,,,,,,,,
